{"sports":[{"id":"20","uid":"s:20","name":"Football","slug":"football","leagues":[{"id":"28","uid":"s:20~l:28","name":"National Football League","abbreviation":"NFL","shortName":"NFL","slug":"nfl","teams":[{"team":{"id":"22","uid":"s:20~l:28~t:22","slug":"arizona-cardinals","abbreviation":"ARI","displayName":"Arizona Cardinals","shortDisplayName":"Cardinals","name":"Cardinals","nickname":"Cardinals","location":"Arizona","color":"a40227","alternateColor":"ffffff","isActive":true,"isAllStar":false,"logos":[{"href":"https://a.espncdn.com/i/teamlogos/nfl/500/ari.png","alt":"","rel":["full","default"],"width":500,"height":500},{"href":"https://a.espncdn.com/i/teamlogos/nfl/500-dark/ari.png","alt":"","rel":["full","dark"],"width":500,"height":500},{"href":"https://a.espncdn.com/i/teamlogos/nfl/500/scoreboard/ari.png","alt":"","rel":["full","scoreboard"],"width":500,"height":500},{"href":"https://a.espncdn.com/i/teamlogos/nfl/500-dark/scoreboard/ari.png","alt":"","rel":["full","scoreboard","dark"],"width":500,"height":500}],"links":[{"language":"en-US","rel":["clubhouse","desktop","team"],"href":"https://www.espn.com/nfl/team/_/name/ari/arizona-cardinals","text":"Clubhouse","shortText":"Clubhouse","isExternal":false,"isPremium":false,"isHidden":false},{"language":"en-US","rel":["roster","desktop","team"],"href":"https://www.espn.com/nfl/team/roster/_/name/ari/arizona-cardinals","text":"Roster","shortText":"Roster","isExternal":false,"isPremium":false,"isHidden":false},{"language":"en-US","rel":["stats","desktop","team"],"href":"https://www.espn.com/nfl/team/stats/_/name/ari/arizona-cardinals","text":"Statistics","shortText":"Statistics","isExternal":false,"isPremium":false,"isHidden":false},{"language":"en-US","rel":["schedule","desktop","team"],"href":"https://www.espn.com/nfl/team/schedule/_/name/ari","text":"Schedule","shortText":"Schedule","isExternal":false,"isPremium":false,"isHidden":false},{"language":"en-US","rel":["tickets","desktop","team"],"href":"https://www.vividseats.com/arizona-cardinals-tickets--sports-nfl-football/performer/40?wsUser=717","text":"Tickets","shortText":"Tickets","isExternal":true,"isPremium":false,"isHidden":false},{"language":"en-US","rel":["depthchart","desktop","team"],"href":"https://www.espn.com/nfl/team/depth/_/name/ari","text":"Depth Chart","shortText":"Depth Chart","isExternal":false,"isPremium":false,"isHidden":false}]}},{"team":{"id":"1","uid":"s:20~l:28~t:1","slug":"atlanta-falcons","abbreviation":"ATL","displayName":"Atlanta Falcons","shortDisplayName":"Falcons","name":"Falcons","nickname":"Falcons","location":"Atlanta","color":"a71930","alternateColor":"000000","isActive":true,"isAllStar":false,"logos":[{"href":"https://a.espncdn.com/i/teamlogos/nfl/500/atl.png","alt":"","rel":["full","default"],"width":500,"height":500},{"href":"https://a.espncdn.com/i/teamlogos/nfl/500-dark/atl.png","alt":"","rel":["full","dark"],"width":500,"height":500},{"href":"https://a.espncdn.com/i/teamlogos/nfl/500/scoreboard/atl.png","alt":"","rel":["full","scoreboard"],"width":500,"height":500},{"href":"https://a.espncdn.com/i/teamlogos/nfl/500-dark/scoreboard/atl.png","alt":"","rel":["full","scoreboard","dark"],"width":500,"height":500}],"links":[{"language":"en-US","rel":["clubhouse","desktop","team"],"href":"https://www.espn.com/nfl/team/_/name/atl/atlanta-falcons","text":"Clubhouse","shortText":"Clubhouse","isExternal":false,"isPremium":false,"isHidden":false},{"language":"en-US","rel":["roster","desktop","team"],"href":"https://www.espn.com/nfl/team/roster/_/name/atl/atlanta-falcons","text":"Roster","shortText":"Roster","isExternal":false,"isPremium":false,"isHidden":false},{"language":"en-US","rel":["stats","desktop","team"],"href":"https://www.espn.com/nfl/team/stats/_/name/atl/atlanta-falcons","text":"Statistics","shortText":"Statistics","isExternal":false,"isPremium":false,"isHidden":false},{"language":"en-US","rel":["schedule","desktop","team"],"href":"https://www.espn.com/nfl/team/schedule/_/name/atl","text":"Schedule","shortText":"Schedule","isExternal":false,"isPremium":false,"isHidden":false},{"language":"en-US","rel":["tickets","desktop","team"],"href":"https://www.vividseats.com/atlanta-falcons-tickets--sports-nfl-football/performer/51?wsUser=717","text":"Tickets","shortText":"Tickets","isExternal":true,"isPremium":false,"isHidden":false},{"language":"en-US","rel":["depthchart","desktop","team"],"href":"https://www.espn.com/nfl/team/depth/_/name/atl","text":"Depth Chart","shortText":"Depth Chart","isExternal":false,"isPremium":false,"isHidden":false}]}},{"team":{"id":"33","uid":"s:20~l:28~t:33","slug":"baltimore-ravens","abbreviation":"BAL","displayName":"Baltimore Ravens","shortDisplayName":"Ravens","name":"Ravens","nickname":"Ravens","location":"Baltimore","color":"29126f","alternateColor":"000000","isActive":true,"isAllStar":false,"logos":[{"href":"https://a.espncdn.com/i/teamlogos/nfl/500/bal.png","alt":"","rel":["full","default"],"width":500,"height":500},{"href":"https://a.espncdn.com/i/teamlogos/nfl/500-dark/bal.png","alt":"","rel":["full","dark"],"width":500,"height":500},{"href":"https://a.espncdn.com/i/teamlogos/nfl/500/scoreboard/bal.png","alt":"","rel":["full","scoreboard"],"width":500,"height":500},{"href":"https://a.espncdn.com/i/teamlogos/nfl/500-dark/scoreboard/bal.png","alt":"","rel":["full","scoreboard","dark"],"width":500,"height":500}],"links":[{"language":"en-US","rel":["clubhouse","desktop","team"],"href":"https://www.espn.com/nfl/team/_/name/bal/baltimore-ravens","text":"Clubhouse","shortText":"Clubhouse","isExternal":false,"isPremium":false,"isHidden":false},{"language":"en-US","rel":["roster","desktop","team"],"href":"https://www.espn.com/nfl/team/roster/_/name/bal/baltimore-ravens","text":"Roster","shortText":"Roster","isExternal":false,"isPremium":false,"isHidden":false},{"language":"en-US","rel":["stats","desktop","team"],"href":"https://www.espn.com/nfl/team/stats/_/name/bal/baltimore-ravens","text":"Statistics","shortText":"Statistics","isExternal":false,"isPremium":false,"isHidden":false},{"language":"en-US","rel":["schedule","desktop","team"],"href":"https://www.espn.com/nfl/team/schedule/_/name/bal","text":"Schedule","shortText":"Schedule","isExternal":false,"isPremium":false,"isHidden":false},{"language":"en-US","rel":["tickets","desktop","team"],"href":"https://www.vividseats.com/baltimore-ravens-tickets--sports-nfl-football/performer/60?wsUser=717","text":"Tickets","shortText":"Tickets","isExternal":true,"isPremium":false,"isHidden":false},{"language":"en-US","rel":["depthchart","desktop","team"],"href":"https://www.espn.com/nfl/team/depth/_/name/bal","text":"Depth Chart","shortText":"Depth Chart","isExternal":false,"isPremium":false,"isHidden":false}]}},{"team":{"id":"2","uid":"s:20~l:28~t:2","slug":"buffalo-bills","abbreviation":"BUF","displayName":"Buffalo Bills","shortDisplayName":"Bills","name":"Bills","nickname":"Bills","location":"Buffalo","color":"00338d","alternateColor":"d50a0a","isActive":true,"isAllStar":false,"logos":[{"href":"https://a.espncdn.com/i/teamlogos/nfl/500/buf.png","alt":"","rel":["full","default"],"width":500,"height":500},{"href":"https://a.espncdn.com/i/teamlogos/nfl/500-dark/buf.png","alt":"","rel":["full","dark"],"width":500,"height":500},{"href":"https://a.espncdn.com/i/teamlogos/nfl/500/scoreboard/buf.png","alt":"","rel":["full","scoreboard"],"width":500,"height":500},{"href":"https://a.espncdn.com/i/teamlogos/nfl/500-dark/scoreboard/buf.png","alt":"","rel":["full","scoreboard","dark"],"width":500,"height":500}],"links":[{"language":"en-US","rel":["clubhouse","desktop","team"],"href":"https://www.espn.com/nfl/team/_/name/buf/buffalo-bills","text":"Clubhouse","shortText":"Clubhouse","isExternal":false,"isPremium":false,"isHidden":false},{"language":"en-US","rel":["roster","desktop","team"],"href":"https://www.espn.com/nfl/team/roster/_/name/buf/buffalo-bills","text":"Roster","shortText":"Roster","isExternal":false,"isPremium":false,"isHidden":false},{"language":"en-US","rel":["stats","desktop","team"],"href":"https://www.espn.com/nfl/team/stats/_/name/buf/buffalo-bills","text":"Statistics","shortText":"Statistics","isExternal":false,"isPremium":false,"isHidden":false},{"language":"en-US","rel":["schedule","desktop","team"],"href":"https://www.espn.com/nfl/team/schedule/_/name/buf","text":"Schedule","shortText":"Schedule","isExternal":false,"isPremium":false,"isHidden":false},{"language":"en-US","rel":["tickets","desktop","team"],"href":"https://www.vividseats.com/buffalo-bills-tickets--sports-nfl-football/performer/128?wsUser=717","text":"Tickets","shortText":"Tickets","isExternal":true,"isPremium":false,"isHidden":false},{"language":"en-US","rel":["depthchart","desktop","team"],"href":"https://www.espn.com/nfl/team/depth/_/name/buf","text":"Depth Chart","shortText":"Depth Chart","isExternal":false,"isPremium":false,"isHidden":false}]}},{"team":{"id":"29","uid":"s:20~l:28~t:29","slug":"carolina-panthers","abbreviation":"CAR","displayName":"Carolina Panthers","shortDisplayName":"Panthers","name":"Panthers","nickname":"Panthers","location":"Carolina","color":"0085ca","alternateColor":"000000","isActive":true,"isAllStar":false,"logos":[{"href":"https://a.espncdn.com/i/teamlogos/nfl/500/car.png","alt":"","rel":["full","default"],"width":500,"height":500},{"href":"https://a.espncdn.com/i/teamlogos/nfl/500-dark/car.png","alt":"","rel":["full","dark"],"width":500,"height":500},{"href":"https://a.espncdn.com/i/teamlogos/nfl/500/scoreboard/car.png","alt":"","rel":["full","scoreboard"],"width":500,"height":500},{"href":"https://a.espncdn.com/i/teamlogos/nfl/500-dark/scoreboard/car.png","alt":"","rel":["full","scoreboard","dark"],"width":500,"height":500}],"links":[{"language":"en-US","rel":["clubhouse","desktop","team"],"href":"https://www.espn.com/nfl/team/_/name/car/carolina-panthers","text":"Clubhouse","shortText":"Clubhouse","isExternal":false,"isPremium":false,"isHidden":false},{"language":"en-US","rel":["roster","desktop","team"],"href":"https://www.espn.com/nfl/team/roster/_/name/car/carolina-panthers","text":"Roster","shortText":"Roster","isExternal":false,"isPremium":false,"isHidden":false},{"language":"en-US","rel":["stats","desktop","team"],"href":"https://www.espn.com/nfl/team/stats/_/name/car/carolina-panthers","text":"Statistics","shortText":"Statistics","isExternal":false,"isPremium":false,"isHidden":false},{"language":"en-US","rel":["schedule","desktop","team"],"href":"https://www.espn.com/nfl/team/schedule/_/name/car","text":"Schedule","shortText":"Schedule","isExternal":false,"isPremium":false,"isHidden":false},{"language":"en-US","rel":["tickets","desktop","team"],"href":"https://www.vividseats.com/carolina-panthers-tickets--sports-nfl-football/performer/144?wsUser=717","text":"Tickets","shortText":"Tickets","isExternal":true,"isPremium":false,"isHidden":false},{"language":"en-US","rel":["depthchart","desktop","team"],"href":"https://www.espn.com/nfl/team/depth/_/name/car","text":"Depth Chart","shortText":"Depth Chart","isExternal":false,"isPremium":false,"isHidden":false}]}},{"team":{"id":"3","uid":"s:20~l:28~t:3","slug":"chicago-bears","abbreviation":"CHI","displayName":"Chicago Bears","shortDisplayName":"Bears","name":"Bears","nickname":"Bears","location":"Chicago","color":"0b1c3a","alternateColor":"e64100","isActive":true,"isAllStar":false,"logos":[{"href":"https://a.espncdn.com/i/teamlogos/nfl/500/chi.png","alt":"","rel":["full","default"],"width":500,"height":500},{"href":"https://a.espncdn.com/i/teamlogos/nfl/500-dark/chi.png","alt":"","rel":["full","dark"],"width":500,"height":500},{"href":"https://a.espncdn.com/i/teamlogos/nfl/500/scoreboard/chi.png","alt":"","rel":["full","scoreboard"],"width":500,"height":500},{"href":"https://a.espncdn.com/i/teamlogos/nfl/500-dark/scoreboard/chi.png","alt":"","rel":["full","scoreboard","dark"],"width":500,"height":500}],"links":[{"language":"en-US","rel":["clubhouse","desktop","team"],"href":"https://www.espn.com/nfl/team/_/name/chi/chicago-bears","text":"Clubhouse","shortText":"Clubhouse","isExternal":false,"isPremium":false,"isHidden":false},{"language":"en-US","rel":["roster","desktop","team"],"href":"https://www.espn.com/nfl/team/roster/_/name/chi/chicago-bears","text":"Roster","shortText":"Roster","isExternal":false,"isPremium":false,"isHidden":false},{"language":"en-US","rel":["stats","desktop","team"],"href":"https://www.espn.com/nfl/team/stats/_/name/chi/chicago-bears","text":"Statistics","shortText":"Statistics","isExternal":false,"isPremium":false,"isHidden":false},{"language":"en-US","rel":["schedule","desktop","team"],"href":"https://www.espn.com/nfl/team/schedule/_/name/chi","text":"Schedule","shortText":"Schedule","isExternal":false,"isPremium":false,"isHidden":false},{"language":"en-US","rel":["tickets","desktop","team"],"href":"https://www.vividseats.com/chicago-bears-tickets--sports-nfl-football/performer/159?wsUser=717","text":"Tickets","shortText":"Tickets","isExternal":true,"isPremium":false,"isHidden":false},{"language":"en-US","rel":["depthchart","desktop","team"],"href":"https://www.espn.com/nfl/team/depth/_/name/chi","text":"Depth Chart","shortText":"Depth Chart","isExternal":false,"isPremium":false,"isHidden":false}]}},{"team":{"id":"4","uid":"s:20~l:28~t:4","slug":"cincinnati-bengals","abbreviation":"CIN","displayName":"Cincinnati Bengals","shortDisplayName":"Bengals","name":"Bengals","nickname":"Bengals","location":"Cincinnati","color":"fb4f14","alternateColor":"000000","isActive":true,"isAllStar":false,"logos":[{"href":"https://a.espncdn.com/i/teamlogos/nfl/500/cin.png","alt":"","rel":["full","default"],"width":500,"height":500},{"href":"https://a.espncdn.com/i/teamlogos/nfl/500-dark/cin.png","alt":"","rel":["full","dark"],"width":500,"height":500},{"href":"https://a.espncdn.com/i/teamlogos/nfl/500/scoreboard/cin.png","alt":"","rel":["full","scoreboard"],"width":500,"height":500},{"href":"https://a.espncdn.com/i/teamlogos/nfl/500-dark/scoreboard/cin.png","alt":"","rel":["full","scoreboard","dark"],"width":500,"height":500}],"links":[{"language":"en-US","rel":["clubhouse","desktop","team"],"href":"https://www.espn.com/nfl/team/_/name/cin/cincinnati-bengals","text":"Clubhouse","shortText":"Clubhouse","isExternal":false,"isPremium":false,"isHidden":false},{"language":"en-US","rel":["roster","desktop","team"],"href":"https://www.espn.com/nfl/team/roster/_/name/cin/cincinnati-bengals","text":"Roster","shortText":"Roster","isExternal":false,"isPremium":false,"isHidden":false},{"language":"en-US","rel":["stats","desktop","team"],"href":"https://www.espn.com/nfl/team/stats/_/name/cin/cincinnati-bengals","text":"Statistics","shortText":"Statistics","isExternal":false,"isPremium":false,"isHidden":false},{"language":"en-US","rel":["schedule","desktop","team"],"href":"https://www.espn.com/nfl/team/schedule/_/name/cin","text":"Schedule","shortText":"Schedule","isExternal":false,"isPremium":false,"isHidden":false},{"language":"en-US","rel":["tickets","desktop","team"],"href":"https://www.vividseats.com/cincinnati-bengals-tickets--sports-nfl-football/performer/172?wsUser=717","text":"Tickets","shortText":"Tickets","isExternal":true,"isPremium":false,"isHidden":false},{"language":"en-US","rel":["depthchart","desktop","team"],"href":"https://www.espn.com/nfl/team/depth/_/name/cin","text":"Depth Chart","shortText":"Depth Chart","isExternal":false,"isPremium":false,"isHidden":false}]}},{"team":{"id":"5","uid":"s:20~l:28~t:5","slug":"cleveland-browns","abbreviation":"CLE","displayName":"Cleveland Browns","shortDisplayName":"Browns","name":"Browns","nickname":"Browns","location":"Cleveland","color":"472a08","alternateColor":"ff3c00","isActive":true,"isAllStar":false,"logos":[{"href":"https://a.espncdn.com/i/teamlogos/nfl/500/cle.png","alt":"","rel":["full","default"],"width":500,"height":500},{"href":"https://a.espncdn.com/i/teamlogos/nfl/500-dark/cle.png","alt":"","rel":["full","dark"],"width":500,"height":500},{"href":"https://a.espncdn.com/i/teamlogos/nfl/500/scoreboard/cle.png","alt":"","rel":["full","scoreboard"],"width":500,"height":500},{"href":"https://a.espncdn.com/i/teamlogos/nfl/500-dark/scoreboard/cle.png","alt":"","rel":["full","scoreboard","dark"],"width":500,"height":500}],"links":[{"language":"en-US","rel":["clubhouse","desktop","team"],"href":"https://www.espn.com/nfl/team/_/name/cle/cleveland-browns","text":"Clubhouse","shortText":"Clubhouse","isExternal":false,"isPremium":false,"isHidden":false},{"language":"en-US","rel":["roster","desktop","team"],"href":"https://www.espn.com/nfl/team/roster/_/name/cle/cleveland-browns","text":"Roster","shortText":"Roster","isExternal":false,"isPremium":false,"isHidden":false},{"language":"en-US","rel":["stats","desktop","team"],"href":"https://www.espn.com/nfl/team/stats/_/name/cle/cleveland-browns","text":"Statistics","shortText":"Statistics","isExternal":false,"isPremium":false,"isHidden":false},{"language":"en-US","rel":["schedule","desktop","team"],"href":"https://www.espn.com/nfl/team/schedule/_/name/cle","text":"Schedule","shortText":"Schedule","isExternal":false,"isPremium":false,"isHidden":false},{"language":"en-US","rel":["tickets","desktop","team"],"href":"https://www.vividseats.com/cleveland-browns-tickets--sports-nfl-football/performer/181?wsUser=717","text":"Tickets","shortText":"Tickets","isExternal":true,"isPremium":false,"isHidden":false},{"language":"en-US","rel":["depthchart","desktop","team"],"href":"https://www.espn.com/nfl/team/depth/_/name/cle","text":"Depth Chart","shortText":"Depth Chart","isExternal":false,"isPremium":false,"isHidden":false}]}},{"team":{"id":"6","uid":"s:20~l:28~t:6","slug":"dallas-cowboys","abbreviation":"DAL","displayName":"Dallas Cowboys","shortDisplayName":"Cowboys","name":"Cowboys","nickname":"Cowboys","location":"Dallas","color":"002a5c","alternateColor":"b0b7bc","isActive":true,"isAllStar":false,"logos":[{"href":"https://a.espncdn.com/i/teamlogos/nfl/500/dal.png","alt":"","rel":["full","default"],"width":500,"height":500},{"href":"https://a.espncdn.com/i/teamlogos/nfl/500-dark/dal.png","alt":"","rel":["full","dark"],"width":500,"height":500},{"href":"https://a.espncdn.com/i/teamlogos/nfl/500/scoreboard/dal.png","alt":"","rel":["full","scoreboard"],"width":500,"height":500},{"href":"https://a.espncdn.com/i/teamlogos/nfl/500-dark/scoreboard/dal.png","alt":"","rel":["full","scoreboard","dark"],"width":500,"height":500}],"links":[{"language":"en-US","rel":["clubhouse","desktop","team"],"href":"https://www.espn.com/nfl/team/_/name/dal/dallas-cowboys","text":"Clubhouse","shortText":"Clubhouse","isExternal":false,"isPremium":false,"isHidden":false},{"language":"en-US","rel":["roster","desktop","team"],"href":"https://www.espn.com/nfl/team/roster/_/name/dal/dallas-cowboys","text":"Roster","shortText":"Roster","isExternal":false,"isPremium":false,"isHidden":false},{"language":"en-US","rel":["stats","desktop","team"],"href":"https://www.espn.com/nfl/team/stats/_/name/dal/dallas-cowboys","text":"Statistics","shortText":"Statistics","isExternal":false,"isPremium":false,"isHidden":false},{"language":"en-US","rel":["schedule","desktop","team"],"href":"https://www.espn.com/nfl/team/schedule/_/name/dal","text":"Schedule","shortText":"Schedule","isExternal":false,"isPremium":false,"isHidden":false},{"language":"en-US","rel":["tickets","desktop","team"],"href":"https://www.vividseats.com/dallas-cowboys-tickets--sports-nfl-football/performer/214?wsUser=717","text":"Tickets","shortText":"Tickets","isExternal":true,"isPremium":false,"isHidden":false},{"language":"en-US","rel":["depthchart","desktop","team"],"href":"https://www.espn.com/nfl/team/depth/_/name/dal","text":"Depth Chart","shortText":"Depth Chart","isExternal":false,"isPremium":false,"isHidden":false}]}},{"team":{"id":"7","uid":"s:20~l:28~t:7","slug":"denver-broncos","abbreviation":"DEN","displayName":"Denver Broncos","shortDisplayName":"Broncos","name":"Broncos","nickname":"Broncos","location":"Denver","color":"0a2343","alternateColor":"fc4c02","isActive":true,"isAllStar":false,"logos":[{"href":"https://a.espncdn.com/i/teamlogos/nfl/500/den.png","alt":"","rel":["full","default"],"width":500,"height":500},{"href":"https://a.espncdn.com/i/teamlogos/nfl/500-dark/den.png","alt":"","rel":["full","dark"],"width":500,"height":500},{"href":"https://a.espncdn.com/i/teamlogos/nfl/500/scoreboard/den.png","alt":"","rel":["full","scoreboard"],"width":500,"height":500},{"href":"https://a.espncdn.com/i/teamlogos/nfl/500-dark/scoreboard/den.png","alt":"","rel":["full","scoreboard","dark"],"width":500,"height":500}],"links":[{"language":"en-US","rel":["clubhouse","desktop","team"],"href":"https://www.espn.com/nfl/team/_/name/den/denver-broncos","text":"Clubhouse","shortText":"Clubhouse","isExternal":false,"isPremium":false,"isHidden":false},{"language":"en-US","rel":["roster","desktop","team"],"href":"https://www.espn.com/nfl/team/roster/_/name/den/denver-broncos","text":"Roster","shortText":"Roster","isExternal":false,"isPremium":false,"isHidden":false},{"language":"en-US","rel":["stats","desktop","team"],"href":"https://www.espn.com/nfl/team/stats/_/name/den/denver-broncos","text":"Statistics","shortText":"Statistics","isExternal":false,"isPremium":false,"isHidden":false},{"language":"en-US","rel":["schedule","desktop","team"],"href":"https://www.espn.com/nfl/team/schedule/_/name/den","text":"Schedule","shortText":"Schedule","isExternal":false,"isPremium":false,"isHidden":false},{"language":"en-US","rel":["tickets","desktop","team"],"href":"https://www.vividseats.com/denver-broncos-tickets--sports-nfl-football/performer/234?wsUser=717","text":"Tickets","shortText":"Tickets","isExternal":true,"isPremium":false,"isHidden":false},{"language":"en-US","rel":["depthchart","desktop","team"],"href":"https://www.espn.com/nfl/team/depth/_/name/den","text":"Depth Chart","shortText":"Depth Chart","isExternal":false,"isPremium":false,"isHidden":false}]}},{"team":{"id":"8","uid":"s:20~l:28~t:8","slug":"detroit-lions","abbreviation":"DET","displayName":"Detroit Lions","shortDisplayName":"Lions","name":"Lions","nickname":"Lions","location":"Detroit","color":"0076b6","alternateColor":"bbbbbb","isActive":true,"isAllStar":false,"logos":[{"href":"https://a.espncdn.com/i/teamlogos/nfl/500/det.png","alt":"","rel":["full","default"],"width":500,"height":500},{"href":"https://a.espncdn.com/i/teamlogos/nfl/500-dark/det.png","alt":"","rel":["full","dark"],"width":500,"height":500},{"href":"https://a.espncdn.com/i/teamlogos/nfl/500/scoreboard/det.png","alt":"","rel":["full","scoreboard"],"width":500,"height":500},{"href":"https://a.espncdn.com/i/teamlogos/nfl/500-dark/scoreboard/det.png","alt":"","rel":["full","scoreboard","dark"],"width":500,"height":500}],"links":[{"language":"en-US","rel":["clubhouse","desktop","team"],"href":"https://www.espn.com/nfl/team/_/name/det/detroit-lions","text":"Clubhouse","shortText":"Clubhouse","isExternal":false,"isPremium":false,"isHidden":false},{"language":"en-US","rel":["roster","desktop","team"],"href":"https://www.espn.com/nfl/team/roster/_/name/det/detroit-lions","text":"Roster","shortText":"Roster","isExternal":false,"isPremium":false,"isHidden":false},{"language":"en-US","rel":["stats","desktop","team"],"href":"https://www.espn.com/nfl/team/stats/_/name/det/detroit-lions","text":"Statistics","shortText":"Statistics","isExternal":false,"isPremium":false,"isHidden":false},{"language":"en-US","rel":["schedule","desktop","team"],"href":"https://www.espn.com/nfl/team/schedule/_/name/det","text":"Schedule","shortText":"Schedule","isExternal":false,"isPremium":false,"isHidden":false},{"language":"en-US","rel":["tickets","desktop","team"],"href":"https://www.vividseats.com/detroit-lions-tickets--sports-nfl-football/performer/238?wsUser=717","text":"Tickets","shortText":"Tickets","isExternal":true,"isPremium":false,"isHidden":false},{"language":"en-US","rel":["depthchart","desktop","team"],"href":"https://www.espn.com/nfl/team/depth/_/name/det","text":"Depth Chart","shortText":"Depth Chart","isExternal":false,"isPremium":false,"isHidden":false}]}},{"team":{"id":"9","uid":"s:20~l:28~t:9","slug":"green-bay-packers","abbreviation":"GB","displayName":"Green Bay Packers","shortDisplayName":"Packers","name":"Packers","nickname":"Packers","location":"Green Bay","color":"204e32","alternateColor":"ffb612","isActive":true,"isAllStar":false,"logos":[{"href":"https://a.espncdn.com/i/teamlogos/nfl/500/gb.png","alt":"","rel":["full","default"],"width":500,"height":500},{"href":"https://a.espncdn.com/i/teamlogos/nfl/500-dark/gb.png","alt":"","rel":["full","dark"],"width":500,"height":500},{"href":"https://a.espncdn.com/i/teamlogos/nfl/500/scoreboard/gb.png","alt":"","rel":["full","scoreboard"],"width":500,"height":500},{"href":"https://a.espncdn.com/i/teamlogos/nfl/500-dark/scoreboard/gb.png","alt":"","rel":["full","scoreboard","dark"],"width":500,"height":500}],"links":[{"language":"en-US","rel":["clubhouse","desktop","team"],"href":"https://www.espn.com/nfl/team/_/name/gb/green-bay-packers","text":"Clubhouse","shortText":"Clubhouse","isExternal":false,"isPremium":false,"isHidden":false},{"language":"en-US","rel":["roster","desktop","team"],"href":"https://www.espn.com/nfl/team/roster/_/name/gb/green-bay-packers","text":"Roster","shortText":"Roster","isExternal":false,"isPremium":false,"isHidden":false},{"language":"en-US","rel":["stats","desktop","team"],"href":"https://www.espn.com/nfl/team/stats/_/name/gb/green-bay-packers","text":"Statistics","shortText":"Statistics","isExternal":false,"isPremium":false,"isHidden":false},{"language":"en-US","rel":["schedule","desktop","team"],"href":"https://www.espn.com/nfl/team/schedule/_/name/gb","text":"Schedule","shortText":"Schedule","isExternal":false,"isPremium":false,"isHidden":false},{"language":"en-US","rel":["tickets","desktop","team"],"href":"https://www.vividseats.com/green-bay-packers-tickets--sports-nfl-football/performer/339?wsUser=717","text":"Tickets","shortText":"Tickets","isExternal":true,"isPremium":false,"isHidden":false},{"language":"en-US","rel":["depthchart","desktop","team"],"href":"https://www.espn.com/nfl/team/depth/_/name/gb","text":"Depth Chart","shortText":"Depth Chart","isExternal":false,"isPremium":false,"isHidden":false}]}},{"team":{"id":"34","uid":"s:20~l:28~t:34","slug":"houston-texans","abbreviation":"HOU","displayName":"Houston Texans","shortDisplayName":"Texans","name":"Texans","nickname":"Texans","location":"Houston","color":"00143f","alternateColor":"c41230","isActive":true,"isAllStar":false,"logos":[{"href":"https://a.espncdn.com/i/teamlogos/nfl/500/hou.png","alt":"","rel":["full","default"],"width":500,"height":500},{"href":"https://a.espncdn.com/i/teamlogos/nfl/500-dark/hou.png","alt":"","rel":["full","dark"],"width":500,"height":500},{"href":"https://a.espncdn.com/i/teamlogos/nfl/500/scoreboard/hou.png","alt":"","rel":["full","scoreboard"],"width":500,"height":500},{"href":"https://a.espncdn.com/i/teamlogos/nfl/500-dark/scoreboard/hou.png","alt":"","rel":["full","scoreboard","dark"],"width":500,"height":500}],"links":[{"language":"en-US","rel":["clubhouse","desktop","team"],"href":"https://www.espn.com/nfl/team/_/name/hou/houston-texans","text":"Clubhouse","shortText":"Clubhouse","isExternal":false,"isPremium":false,"isHidden":false},{"language":"en-US","rel":["roster","desktop","team"],"href":"https://www.espn.com/nfl/team/roster/_/name/hou/houston-texans","text":"Roster","shortText":"Roster","isExternal":false,"isPremium":false,"isHidden":false},{"language":"en-US","rel":["stats","desktop","team"],"href":"https://www.espn.com/nfl/team/stats/_/name/hou/houston-texans","text":"Statistics","shortText":"Statistics","isExternal":false,"isPremium":false,"isHidden":false},{"language":"en-US","rel":["schedule","desktop","team"],"href":"https://www.espn.com/nfl/team/schedule/_/name/hou","text":"Schedule","shortText":"Schedule","isExternal":false,"isPremium":false,"isHidden":false},{"language":"en-US","rel":["tickets","desktop","team"],"href":"https://www.vividseats.com/houston-texans-tickets--sports-nfl-football/performer/2559?wsUser=717","text":"Tickets","shortText":"Tickets","isExternal":true,"isPremium":false,"isHidden":false},{"language":"en-US","rel":["depthchart","desktop","team"],"href":"https://www.espn.com/nfl/team/depth/_/name/hou","text":"Depth Chart","shortText":"Depth Chart","isExternal":false,"isPremium":false,"isHidden":false}]}},{"team":{"id":"11","uid":"s:20~l:28~t:11","slug":"indianapolis-colts","abbreviation":"IND","displayName":"Indianapolis Colts","shortDisplayName":"Colts","name":"Colts","nickname":"Colts","location":"Indianapolis","color":"003b75","alternateColor":"ffffff","isActive":true,"isAllStar":false,"logos":[{"href":"https://a.espncdn.com/i/teamlogos/nfl/500/ind.png","alt":"","rel":["full","default"],"width":500,"height":500},{"href":"https://a.espncdn.com/i/teamlogos/nfl/500-dark/ind.png","alt":"","rel":["full","dark"],"width":500,"height":500},{"href":"https://a.espncdn.com/i/teamlogos/nfl/500/scoreboard/ind.png","alt":"","rel":["full","scoreboard"],"width":500,"height":500},{"href":"https://a.espncdn.com/i/teamlogos/nfl/500-dark/scoreboard/ind.png","alt":"","rel":["full","scoreboard","dark"],"width":500,"height":500}],"links":[{"language":"en-US","rel":["clubhouse","desktop","team"],"href":"https://www.espn.com/nfl/team/_/name/ind/indianapolis-colts","text":"Clubhouse","shortText":"Clubhouse","isExternal":false,"isPremium":false,"isHidden":false},{"language":"en-US","rel":["roster","desktop","team"],"href":"https://www.espn.com/nfl/team/roster/_/name/ind/indianapolis-colts","text":"Roster","shortText":"Roster","isExternal":false,"isPremium":false,"isHidden":false},{"language":"en-US","rel":["stats","desktop","team"],"href":"https://www.espn.com/nfl/team/stats/_/name/ind/indianapolis-colts","text":"Statistics","shortText":"Statistics","isExternal":false,"isPremium":false,"isHidden":false},{"language":"en-US","rel":["schedule","desktop","team"],"href":"https://www.espn.com/nfl/team/schedule/_/name/ind","text":"Schedule","shortText":"Schedule","isExternal":false,"isPremium":false,"isHidden":false},{"language":"en-US","rel":["tickets","desktop","team"],"href":"https://www.vividseats.com/indianapolis-colts-tickets--sports-nfl-football/performer/370?wsUser=717","text":"Tickets","shortText":"Tickets","isExternal":true,"isPremium":false,"isHidden":false},{"language":"en-US","rel":["depthchart","desktop","team"],"href":"https://www.espn.com/nfl/team/depth/_/name/ind","text":"Depth Chart","shortText":"Depth Chart","isExternal":false,"isPremium":false,"isHidden":false}]}},{"team":{"id":"30","uid":"s:20~l:28~t:30","slug":"jacksonville-jaguars","abbreviation":"JAX","displayName":"Jacksonville Jaguars","shortDisplayName":"Jaguars","name":"Jaguars","nickname":"Jaguars","location":"Jacksonville","color":"007487","alternateColor":"d7a22a","isActive":true,"isAllStar":false,"logos":[{"href":"https://a.espncdn.com/i/teamlogos/nfl/500/jax.png","alt":"","rel":["full","default"],"width":500,"height":500},{"href":"https://a.espncdn.com/i/teamlogos/nfl/500-dark/jax.png","alt":"","rel":["full","dark"],"width":500,"height":500},{"href":"https://a.espncdn.com/i/teamlogos/nfl/500/scoreboard/jax.png","alt":"","rel":["full","scoreboard"],"width":500,"height":500},{"href":"https://a.espncdn.com/i/teamlogos/nfl/500-dark/scoreboard/jax.png","alt":"","rel":["full","scoreboard","dark"],"width":500,"height":500}],"links":[{"language":"en-US","rel":["clubhouse","desktop","team"],"href":"https://www.espn.com/nfl/team/_/name/jax/jacksonville-jaguars","text":"Clubhouse","shortText":"Clubhouse","isExternal":false,"isPremium":false,"isHidden":false},{"language":"en-US","rel":["roster","desktop","team"],"href":"https://www.espn.com/nfl/team/roster/_/name/jax/jacksonville-jaguars","text":"Roster","shortText":"Roster","isExternal":false,"isPremium":false,"isHidden":false},{"language":"en-US","rel":["stats","desktop","team"],"href":"https://www.espn.com/nfl/team/stats/_/name/jax/jacksonville-jaguars","text":"Statistics","shortText":"Statistics","isExternal":false,"isPremium":false,"isHidden":false},{"language":"en-US","rel":["schedule","desktop","team"],"href":"https://www.espn.com/nfl/team/schedule/_/name/jax","text":"Schedule","shortText":"Schedule","isExternal":false,"isPremium":false,"isHidden":false},{"language":"en-US","rel":["tickets","desktop","team"],"href":"https://www.vividseats.com/jacksonville-jaguars-tickets--sports-nfl-football/performer/381?wsUser=717","text":"Tickets","shortText":"Tickets","isExternal":true,"isPremium":false,"isHidden":false},{"language":"en-US","rel":["depthchart","desktop","team"],"href":"https://www.espn.com/nfl/team/depth/_/name/jax","text":"Depth Chart","shortText":"Depth Chart","isExternal":false,"isPremium":false,"isHidden":false}]}},{"team":{"id":"12","uid":"s:20~l:28~t:12","slug":"kansas-city-chiefs","abbreviation":"KC","displayName":"Kansas City Chiefs","shortDisplayName":"Chiefs","name":"Chiefs","nickname":"Chiefs","location":"Kansas City","color":"e31837","alternateColor":"ffb612","isActive":true,"isAllStar":false,"logos":[{"href":"https://a.espncdn.com/i/teamlogos/nfl/500/kc.png","alt":"","rel":["full","default"],"width":500,"height":500},{"href":"https://a.espncdn.com/i/teamlogos/nfl/500-dark/kc.png","alt":"","rel":["full","dark"],"width":500,"height":500},{"href":"https://a.espncdn.com/i/teamlogos/nfl/500/scoreboard/kc.png","alt":"","rel":["full","scoreboard"],"width":500,"height":500},{"href":"https://a.espncdn.com/i/teamlogos/nfl/500-dark/scoreboard/kc.png","alt":"","rel":["full","scoreboard","dark"],"width":500,"height":500}],"links":[{"language":"en-US","rel":["clubhouse","desktop","team"],"href":"https://www.espn.com/nfl/team/_/name/kc/kansas-city-chiefs","text":"Clubhouse","shortText":"Clubhouse","isExternal":false,"isPremium":false,"isHidden":false},{"language":"en-US","rel":["roster","desktop","team"],"href":"https://www.espn.com/nfl/team/roster/_/name/kc/kansas-city-chiefs","text":"Roster","shortText":"Roster","isExternal":false,"isPremium":false,"isHidden":false},{"language":"en-US","rel":["stats","desktop","team"],"href":"https://www.espn.com/nfl/team/stats/_/name/kc/kansas-city-chiefs","text":"Statistics","shortText":"Statistics","isExternal":false,"isPremium":false,"isHidden":false},{"language":"en-US","rel":["schedule","desktop","team"],"href":"https://www.espn.com/nfl/team/schedule/_/name/kc","text":"Schedule","shortText":"Schedule","isExternal":false,"isPremium":false,"isHidden":false},{"language":"en-US","rel":["tickets","desktop","team"],"href":"https://www.vividseats.com/kansas-city-chiefs-tickets--sports-nfl-football/performer/427?wsUser=717","text":"Tickets","shortText":"Tickets","isExternal":true,"isPremium":false,"isHidden":false},{"language":"en-US","rel":["depthchart","desktop","team"],"href":"https://www.espn.com/nfl/team/depth/_/name/kc","text":"Depth Chart","shortText":"Depth Chart","isExternal":false,"isPremium":false,"isHidden":false}]}},{"team":{"id":"13","uid":"s:20~l:28~t:13","slug":"las-vegas-raiders","abbreviation":"LV","displayName":"Las Vegas Raiders","shortDisplayName":"Raiders","name":"Raiders","nickname":"Raiders","location":"Las Vegas","color":"000000","alternateColor":"a5acaf","isActive":true,"isAllStar":false,"logos":[{"href":"https://a.espncdn.com/i/teamlogos/nfl/500/lv.png","alt":"","rel":["full","default"],"width":500,"height":500},{"href":"https://a.espncdn.com/i/teamlogos/nfl/500-dark/lv.png","alt":"","rel":["full","dark"],"width":500,"height":500},{"href":"https://a.espncdn.com/i/teamlogos/nfl/500/scoreboard/lv.png","alt":"","rel":["full","scoreboard"],"width":500,"height":500},{"href":"https://a.espncdn.com/i/teamlogos/nfl/500-dark/scoreboard/lv.png","alt":"","rel":["full","scoreboard","dark"],"width":500,"height":500}],"links":[{"language":"en-US","rel":["clubhouse","desktop","team"],"href":"https://www.espn.com/nfl/team/_/name/lv/las-vegas-raiders","text":"Clubhouse","shortText":"Clubhouse","isExternal":false,"isPremium":false,"isHidden":false},{"language":"en-US","rel":["roster","desktop","team"],"href":"https://www.espn.com/nfl/team/roster/_/name/lv/las-vegas-raiders","text":"Roster","shortText":"Roster","isExternal":false,"isPremium":false,"isHidden":false},{"language":"en-US","rel":["stats","desktop","team"],"href":"https://www.espn.com/nfl/team/stats/_/name/lv/las-vegas-raiders","text":"Statistics","shortText":"Statistics","isExternal":false,"isPremium":false,"isHidden":false},{"language":"en-US","rel":["schedule","desktop","team"],"href":"https://www.espn.com/nfl/team/schedule/_/name/lv","text":"Schedule","shortText":"Schedule","isExternal":false,"isPremium":false,"isHidden":false},{"language":"en-US","rel":["tickets","desktop","team"],"href":"https://www.vividseats.com/las-vegas-raiders-tickets--sports-nfl-football/performer/626?wsUser=717","text":"Tickets","shortText":"Tickets","isExternal":true,"isPremium":false,"isHidden":false},{"language":"en-US","rel":["depthchart","desktop","team"],"href":"https://www.espn.com/nfl/team/depth/_/name/lv","text":"Depth Chart","shortText":"Depth Chart","isExternal":false,"isPremium":false,"isHidden":false}]}},{"team":{"id":"24","uid":"s:20~l:28~t:24","slug":"los-angeles-chargers","abbreviation":"LAC","displayName":"Los Angeles Chargers","shortDisplayName":"Chargers","name":"Chargers","nickname":"Chargers","location":"Los Angeles","color":"0080c6","alternateColor":"ffc20e","isActive":true,"isAllStar":false,"logos":[{"href":"https://a.espncdn.com/i/teamlogos/nfl/500/lac.png","alt":"","rel":["full","default"],"width":500,"height":500},{"href":"https://a.espncdn.com/i/teamlogos/nfl/500-dark/lac.png","alt":"","rel":["full","dark"],"width":500,"height":500},{"href":"https://a.espncdn.com/i/teamlogos/nfl/500/scoreboard/lac.png","alt":"","rel":["full","scoreboard"],"width":500,"height":500},{"href":"https://a.espncdn.com/i/teamlogos/nfl/500-dark/scoreboard/lac.png","alt":"","rel":["full","scoreboard","dark"],"width":500,"height":500}],"links":[{"language":"en-US","rel":["clubhouse","desktop","team"],"href":"https://www.espn.com/nfl/team/_/name/lac/los-angeles-chargers","text":"Clubhouse","shortText":"Clubhouse","isExternal":false,"isPremium":false,"isHidden":false},{"language":"en-US","rel":["roster","desktop","team"],"href":"https://www.espn.com/nfl/team/roster/_/name/lac/los-angeles-chargers","text":"Roster","shortText":"Roster","isExternal":false,"isPremium":false,"isHidden":false},{"language":"en-US","rel":["stats","desktop","team"],"href":"https://www.espn.com/nfl/team/stats/_/name/lac/los-angeles-chargers","text":"Statistics","shortText":"Statistics","isExternal":false,"isPremium":false,"isHidden":false},{"language":"en-US","rel":["schedule","desktop","team"],"href":"https://www.espn.com/nfl/team/schedule/_/name/lac","text":"Schedule","shortText":"Schedule","isExternal":false,"isPremium":false,"isHidden":false},{"language":"en-US","rel":["tickets","desktop","team"],"href":"https://www.vividseats.com/los-angeles-chargers-tickets--sports-nfl-football/performer/755?wsUser=717","text":"Tickets","shortText":"Tickets","isExternal":true,"isPremium":false,"isHidden":false},{"language":"en-US","rel":["depthchart","desktop","team"],"href":"https://www.espn.com/nfl/team/depth/_/name/lac","text":"Depth Chart","shortText":"Depth Chart","isExternal":false,"isPremium":false,"isHidden":false}]}},{"team":{"id":"14","uid":"s:20~l:28~t:14","slug":"los-angeles-rams","abbreviation":"LAR","displayName":"Los Angeles Rams","shortDisplayName":"Rams","name":"Rams","nickname":"Rams","location":"Los Angeles","color":"003594","alternateColor":"ffd100","isActive":true,"isAllStar":false,"logos":[{"href":"https://a.espncdn.com/i/teamlogos/nfl/500/lar.png","alt":"","rel":["full","default"],"width":500,"height":500},{"href":"https://a.espncdn.com/i/teamlogos/nfl/500-dark/lar.png","alt":"","rel":["full","dark"],"width":500,"height":500},{"href":"https://a.espncdn.com/i/teamlogos/nfl/500/scoreboard/lar.png","alt":"","rel":["full","scoreboard"],"width":500,"height":500},{"href":"https://a.espncdn.com/i/teamlogos/nfl/500-dark/scoreboard/lar.png","alt":"","rel":["full","scoreboard","dark"],"width":500,"height":500}],"links":[{"language":"en-US","rel":["clubhouse","desktop","team"],"href":"https://www.espn.com/nfl/team/_/name/lar/los-angeles-rams","text":"Clubhouse","shortText":"Clubhouse","isExternal":false,"isPremium":false,"isHidden":false},{"language":"en-US","rel":["roster","desktop","team"],"href":"https://www.espn.com/nfl/team/roster/_/name/lar/los-angeles-rams","text":"Roster","shortText":"Roster","isExternal":false,"isPremium":false,"isHidden":false},{"language":"en-US","rel":["stats","desktop","team"],"href":"https://www.espn.com/nfl/team/stats/_/name/lar/los-angeles-rams","text":"Statistics","shortText":"Statistics","isExternal":false,"isPremium":false,"isHidden":false},{"language":"en-US","rel":["schedule","desktop","team"],"href":"https://www.espn.com/nfl/team/schedule/_/name/lar","text":"Schedule","shortText":"Schedule","isExternal":false,"isPremium":false,"isHidden":false},{"language":"en-US","rel":["tickets","desktop","team"],"href":"https://www.vividseats.com/los-angeles-rams-tickets--sports-nfl-football/performer/808?wsUser=717","text":"Tickets","shortText":"Tickets","isExternal":true,"isPremium":false,"isHidden":false},{"language":"en-US","rel":["depthchart","desktop","team"],"href":"https://www.espn.com/nfl/team/depth/_/name/lar","text":"Depth Chart","shortText":"Depth Chart","isExternal":false,"isPremium":false,"isHidden":false}]}},{"team":{"id":"15","uid":"s:20~l:28~t:15","slug":"miami-dolphins","abbreviation":"MIA","displayName":"Miami Dolphins","shortDisplayName":"Dolphins","name":"Dolphins","nickname":"Dolphins","location":"Miami","color":"008e97","alternateColor":"fc4c02","isActive":true,"isAllStar":false,"logos":[{"href":"https://a.espncdn.com/i/teamlogos/nfl/500/mia.png","alt":"","rel":["full","default"],"width":500,"height":500},{"href":"https://a.espncdn.com/i/teamlogos/nfl/500-dark/mia.png","alt":"","rel":["full","dark"],"width":500,"height":500},{"href":"https://a.espncdn.com/i/teamlogos/nfl/500/scoreboard/mia.png","alt":"","rel":["full","scoreboard"],"width":500,"height":500},{"href":"https://a.espncdn.com/i/teamlogos/nfl/500-dark/scoreboard/mia.png","alt":"","rel":["full","scoreboard","dark"],"width":500,"height":500}],"links":[{"language":"en-US","rel":["clubhouse","desktop","team"],"href":"https://www.espn.com/nfl/team/_/name/mia/miami-dolphins","text":"Clubhouse","shortText":"Clubhouse","isExternal":false,"isPremium":false,"isHidden":false},{"language":"en-US","rel":["roster","desktop","team"],"href":"https://www.espn.com/nfl/team/roster/_/name/mia/miami-dolphins","text":"Roster","shortText":"Roster","isExternal":false,"isPremium":false,"isHidden":false},{"language":"en-US","rel":["stats","desktop","team"],"href":"https://www.espn.com/nfl/team/stats/_/name/mia/miami-dolphins","text":"Statistics","shortText":"Statistics","isExternal":false,"isPremium":false,"isHidden":false},{"language":"en-US","rel":["schedule","desktop","team"],"href":"https://www.espn.com/nfl/team/schedule/_/name/mia","text":"Schedule","shortText":"Schedule","isExternal":false,"isPremium":false,"isHidden":false},{"language":"en-US","rel":["tickets","desktop","team"],"href":"https://www.vividseats.com/miami-dolphins-tickets--sports-nfl-football/performer/532?wsUser=717","text":"Tickets","shortText":"Tickets","isExternal":true,"isPremium":false,"isHidden":false},{"language":"en-US","rel":["depthchart","desktop","team"],"href":"https://www.espn.com/nfl/team/depth/_/name/mia","text":"Depth Chart","shortText":"Depth Chart","isExternal":false,"isPremium":false,"isHidden":false}]}},{"team":{"id":"16","uid":"s:20~l:28~t:16","slug":"minnesota-vikings","abbreviation":"MIN","displayName":"Minnesota Vikings","shortDisplayName":"Vikings","name":"Vikings","nickname":"Vikings","location":"Minnesota","color":"4f2683","alternateColor":"ffc62f","isActive":true,"isAllStar":false,"logos":[{"href":"https://a.espncdn.com/i/teamlogos/nfl/500/min.png","alt":"","rel":["full","default"],"width":500,"height":500},{"href":"https://a.espncdn.com/i/teamlogos/nfl/500-dark/min.png","alt":"","rel":["full","dark"],"width":500,"height":500},{"href":"https://a.espncdn.com/i/teamlogos/nfl/500/scoreboard/min.png","alt":"","rel":["full","scoreboard"],"width":500,"height":500},{"href":"https://a.espncdn.com/i/teamlogos/nfl/500-dark/scoreboard/min.png","alt":"","rel":["full","scoreboard","dark"],"width":500,"height":500}],"links":[{"language":"en-US","rel":["clubhouse","desktop","team"],"href":"https://www.espn.com/nfl/team/_/name/min/minnesota-vikings","text":"Clubhouse","shortText":"Clubhouse","isExternal":false,"isPremium":false,"isHidden":false},{"language":"en-US","rel":["roster","desktop","team"],"href":"https://www.espn.com/nfl/team/roster/_/name/min/minnesota-vikings","text":"Roster","shortText":"Roster","isExternal":false,"isPremium":false,"isHidden":false},{"language":"en-US","rel":["stats","desktop","team"],"href":"https://www.espn.com/nfl/team/stats/_/name/min/minnesota-vikings","text":"Statistics","shortText":"Statistics","isExternal":false,"isPremium":false,"isHidden":false},{"language":"en-US","rel":["schedule","desktop","team"],"href":"https://www.espn.com/nfl/team/schedule/_/name/min","text":"Schedule","shortText":"Schedule","isExternal":false,"isPremium":false,"isHidden":false},{"language":"en-US","rel":["tickets","desktop","team"],"href":"https://www.vividseats.com/minnesota-vikings-tickets--sports-nfl-football/performer/555?wsUser=717","text":"Tickets","shortText":"Tickets","isExternal":true,"isPremium":false,"isHidden":false},{"language":"en-US","rel":["depthchart","desktop","team"],"href":"https://www.espn.com/nfl/team/depth/_/name/min","text":"Depth Chart","shortText":"Depth Chart","isExternal":false,"isPremium":false,"isHidden":false}]}},{"team":{"id":"17","uid":"s:20~l:28~t:17","slug":"new-england-patriots","abbreviation":"NE","displayName":"New England Patriots","shortDisplayName":"Patriots","name":"Patriots","nickname":"Patriots","location":"New England","color":"002a5c","alternateColor":"c60c30","isActive":true,"isAllStar":false,"logos":[{"href":"https://a.espncdn.com/i/teamlogos/nfl/500/ne.png","alt":"","rel":["full","default"],"width":500,"height":500},{"href":"https://a.espncdn.com/i/teamlogos/nfl/500-dark/ne.png","alt":"","rel":["full","dark"],"width":500,"height":500},{"href":"https://a.espncdn.com/i/teamlogos/nfl/500/scoreboard/ne.png","alt":"","rel":["full","scoreboard"],"width":500,"height":500},{"href":"https://a.espncdn.com/i/teamlogos/nfl/500-dark/scoreboard/ne.png","alt":"","rel":["full","scoreboard","dark"],"width":500,"height":500}],"links":[{"language":"en-US","rel":["clubhouse","desktop","team"],"href":"https://www.espn.com/nfl/team/_/name/ne/new-england-patriots","text":"Clubhouse","shortText":"Clubhouse","isExternal":false,"isPremium":false,"isHidden":false},{"language":"en-US","rel":["roster","desktop","team"],"href":"https://www.espn.com/nfl/team/roster/_/name/ne/new-england-patriots","text":"Roster","shortText":"Roster","isExternal":false,"isPremium":false,"isHidden":false},{"language":"en-US","rel":["stats","desktop","team"],"href":"https://www.espn.com/nfl/team/stats/_/name/ne/new-england-patriots","text":"Statistics","shortText":"Statistics","isExternal":false,"isPremium":false,"isHidden":false},{"language":"en-US","rel":["schedule","desktop","team"],"href":"https://www.espn.com/nfl/team/schedule/_/name/ne","text":"Schedule","shortText":"Schedule","isExternal":false,"isPremium":false,"isHidden":false},{"language":"en-US","rel":["tickets","desktop","team"],"href":"https://www.vividseats.com/new-england-patriots-tickets--sports-nfl-football/performer/592?wsUser=717","text":"Tickets","shortText":"Tickets","isExternal":true,"isPremium":false,"isHidden":false},{"language":"en-US","rel":["depthchart","desktop","team"],"href":"https://www.espn.com/nfl/team/depth/_/name/ne","text":"Depth Chart","shortText":"Depth Chart","isExternal":false,"isPremium":false,"isHidden":false}]}},{"team":{"id":"18","uid":"s:20~l:28~t:18","slug":"new-orleans-saints","abbreviation":"NO","displayName":"New Orleans Saints","shortDisplayName":"Saints","name":"Saints","nickname":"Saints","location":"New Orleans","color":"d3bc8d","alternateColor":"000000","isActive":true,"isAllStar":false,"logos":[{"href":"https://a.espncdn.com/i/teamlogos/nfl/500/no.png","alt":"","rel":["full","default"],"width":500,"height":500},{"href":"https://a.espncdn.com/i/teamlogos/nfl/500-dark/no.png","alt":"","rel":["full","dark"],"width":500,"height":500},{"href":"https://a.espncdn.com/i/teamlogos/nfl/500/scoreboard/no.png","alt":"","rel":["full","scoreboard"],"width":500,"height":500},{"href":"https://a.espncdn.com/i/teamlogos/nfl/500-dark/scoreboard/no.png","alt":"","rel":["full","scoreboard","dark"],"width":500,"height":500}],"links":[{"language":"en-US","rel":["clubhouse","desktop","team"],"href":"https://www.espn.com/nfl/team/_/name/no/new-orleans-saints","text":"Clubhouse","shortText":"Clubhouse","isExternal":false,"isPremium":false,"isHidden":false},{"language":"en-US","rel":["roster","desktop","team"],"href":"https://www.espn.com/nfl/team/roster/_/name/no/new-orleans-saints","text":"Roster","shortText":"Roster","isExternal":false,"isPremium":false,"isHidden":false},{"language":"en-US","rel":["stats","desktop","team"],"href":"https://www.espn.com/nfl/team/stats/_/name/no/new-orleans-saints","text":"Statistics","shortText":"Statistics","isExternal":false,"isPremium":false,"isHidden":false},{"language":"en-US","rel":["schedule","desktop","team"],"href":"https://www.espn.com/nfl/team/schedule/_/name/no","text":"Schedule","shortText":"Schedule","isExternal":false,"isPremium":false,"isHidden":false},{"language":"en-US","rel":["tickets","desktop","team"],"href":"https://www.vividseats.com/new-orleans-saints-tickets--sports-nfl-football/performer/597?wsUser=717","text":"Tickets","shortText":"Tickets","isExternal":true,"isPremium":false,"isHidden":false},{"language":"en-US","rel":["depthchart","desktop","team"],"href":"https://www.espn.com/nfl/team/depth/_/name/no","text":"Depth Chart","shortText":"Depth Chart","isExternal":false,"isPremium":false,"isHidden":false}]}},{"team":{"id":"19","uid":"s:20~l:28~t:19","slug":"new-york-giants","abbreviation":"NYG","displayName":"New York Giants","shortDisplayName":"Giants","name":"Giants","nickname":"Giants","location":"New York","color":"003c7f","alternateColor":"c9243f","isActive":true,"isAllStar":false,"logos":[{"href":"https://a.espncdn.com/i/teamlogos/nfl/500/nyg.png","alt":"","rel":["full","default"],"width":500,"height":500},{"href":"https://a.espncdn.com/i/teamlogos/nfl/500-dark/nyg.png","alt":"","rel":["full","dark"],"width":500,"height":500},{"href":"https://a.espncdn.com/i/teamlogos/nfl/500/scoreboard/nyg.png","alt":"","rel":["full","scoreboard"],"width":500,"height":500},{"href":"https://a.espncdn.com/i/teamlogos/nfl/500-dark/scoreboard/nyg.png","alt":"","rel":["full","scoreboard","dark"],"width":500,"height":500}],"links":[{"language":"en-US","rel":["clubhouse","desktop","team"],"href":"https://www.espn.com/nfl/team/_/name/nyg/new-york-giants","text":"Clubhouse","shortText":"Clubhouse","isExternal":false,"isPremium":false,"isHidden":false},{"language":"en-US","rel":["roster","desktop","team"],"href":"https://www.espn.com/nfl/team/roster/_/name/nyg/new-york-giants","text":"Roster","shortText":"Roster","isExternal":false,"isPremium":false,"isHidden":false},{"language":"en-US","rel":["stats","desktop","team"],"href":"https://www.espn.com/nfl/team/stats/_/name/nyg/new-york-giants","text":"Statistics","shortText":"Statistics","isExternal":false,"isPremium":false,"isHidden":false},{"language":"en-US","rel":["schedule","desktop","team"],"href":"https://www.espn.com/nfl/team/schedule/_/name/nyg","text":"Schedule","shortText":"Schedule","isExternal":false,"isPremium":false,"isHidden":false},{"language":"en-US","rel":["tickets","desktop","team"],"href":"https://www.vividseats.com/new-york-giants-tickets--sports-nfl-football/performer/599?wsUser=717","text":"Tickets","shortText":"Tickets","isExternal":true,"isPremium":false,"isHidden":false},{"language":"en-US","rel":["depthchart","desktop","team"],"href":"https://www.espn.com/nfl/team/depth/_/name/nyg","text":"Depth Chart","shortText":"Depth Chart","isExternal":false,"isPremium":false,"isHidden":false}]}},{"team":{"id":"20","uid":"s:20~l:28~t:20","slug":"new-york-jets","abbreviation":"NYJ","displayName":"New York Jets","shortDisplayName":"Jets","name":"Jets","nickname":"Jets","location":"New York","color":"115740","alternateColor":"ffffff","isActive":true,"isAllStar":false,"logos":[{"href":"https://a.espncdn.com/i/teamlogos/nfl/500/nyj.png","alt":"","rel":["full","default"],"width":500,"height":500},{"href":"https://a.espncdn.com/i/teamlogos/nfl/500-dark/nyj.png","alt":"","rel":["full","dark"],"width":500,"height":500},{"href":"https://a.espncdn.com/i/teamlogos/nfl/500/scoreboard/nyj.png","alt":"","rel":["full","scoreboard"],"width":500,"height":500},{"href":"https://a.espncdn.com/i/teamlogos/nfl/500-dark/scoreboard/nyj.png","alt":"","rel":["full","scoreboard","dark"],"width":500,"height":500}],"links":[{"language":"en-US","rel":["clubhouse","desktop","team"],"href":"https://www.espn.com/nfl/team/_/name/nyj/new-york-jets","text":"Clubhouse","shortText":"Clubhouse","isExternal":false,"isPremium":false,"isHidden":false},{"language":"en-US","rel":["roster","desktop","team"],"href":"https://www.espn.com/nfl/team/roster/_/name/nyj/new-york-jets","text":"Roster","shortText":"Roster","isExternal":false,"isPremium":false,"isHidden":false},{"language":"en-US","rel":["stats","desktop","team"],"href":"https://www.espn.com/nfl/team/stats/_/name/nyj/new-york-jets","text":"Statistics","shortText":"Statistics","isExternal":false,"isPremium":false,"isHidden":false},{"language":"en-US","rel":["schedule","desktop","team"],"href":"https://www.espn.com/nfl/team/schedule/_/name/nyj","text":"Schedule","shortText":"Schedule","isExternal":false,"isPremium":false,"isHidden":false},{"language":"en-US","rel":["tickets","desktop","team"],"href":"https://www.vividseats.com/new-york-jets-tickets--sports-nfl-football/performer/601?wsUser=717","text":"Tickets","shortText":"Tickets","isExternal":true,"isPremium":false,"isHidden":false},{"language":"en-US","rel":["depthchart","desktop","team"],"href":"https://www.espn.com/nfl/team/depth/_/name/nyj","text":"Depth Chart","shortText":"Depth Chart","isExternal":false,"isPremium":false,"isHidden":false}]}},{"team":{"id":"21","uid":"s:20~l:28~t:21","slug":"philadelphia-eagles","abbreviation":"PHI","displayName":"Philadelphia Eagles","shortDisplayName":"Eagles","name":"Eagles","nickname":"Eagles","location":"Philadelphia","color":"06424d","alternateColor":"000000","isActive":true,"isAllStar":false,"logos":[{"href":"https://a.espncdn.com/i/teamlogos/nfl/500/phi.png","alt":"","rel":["full","default"],"width":500,"height":500},{"href":"https://a.espncdn.com/i/teamlogos/nfl/500-dark/phi.png","alt":"","rel":["full","dark"],"width":500,"height":500},{"href":"https://a.espncdn.com/i/teamlogos/nfl/500/scoreboard/phi.png","alt":"","rel":["full","scoreboard"],"width":500,"height":500},{"href":"https://a.espncdn.com/i/teamlogos/nfl/500-dark/scoreboard/phi.png","alt":"","rel":["full","scoreboard","dark"],"width":500,"height":500}],"links":[{"language":"en-US","rel":["clubhouse","desktop","team"],"href":"https://www.espn.com/nfl/team/_/name/phi/philadelphia-eagles","text":"Clubhouse","shortText":"Clubhouse","isExternal":false,"isPremium":false,"isHidden":false},{"language":"en-US","rel":["roster","desktop","team"],"href":"https://www.espn.com/nfl/team/roster/_/name/phi/philadelphia-eagles","text":"Roster","shortText":"Roster","isExternal":false,"isPremium":false,"isHidden":false},{"language":"en-US","rel":["stats","desktop","team"],"href":"https://www.espn.com/nfl/team/stats/_/name/phi/philadelphia-eagles","text":"Statistics","shortText":"Statistics","isExternal":false,"isPremium":false,"isHidden":false},{"language":"en-US","rel":["schedule","desktop","team"],"href":"https://www.espn.com/nfl/team/schedule/_/name/phi","text":"Schedule","shortText":"Schedule","isExternal":false,"isPremium":false,"isHidden":false},{"language":"en-US","rel":["tickets","desktop","team"],"href":"https://www.vividseats.com/philadelphia-eagles-tickets--sports-nfl-football/performer/669?wsUser=717","text":"Tickets","shortText":"Tickets","isExternal":true,"isPremium":false,"isHidden":false},{"language":"en-US","rel":["depthchart","desktop","team"],"href":"https://www.espn.com/nfl/team/depth/_/name/phi","text":"Depth Chart","shortText":"Depth Chart","isExternal":false,"isPremium":false,"isHidden":false}]}},{"team":{"id":"23","uid":"s:20~l:28~t:23","slug":"pittsburgh-steelers","abbreviation":"PIT","displayName":"Pittsburgh Steelers","shortDisplayName":"Steelers","name":"Steelers","nickname":"Steelers","location":"Pittsburgh","color":"000000","alternateColor":"ffb612","isActive":true,"isAllStar":false,"logos":[{"href":"https://a.espncdn.com/i/teamlogos/nfl/500/pit.png","alt":"","rel":["full","default"],"width":500,"height":500},{"href":"https://a.espncdn.com/i/teamlogos/nfl/500-dark/pit.png","alt":"","rel":["full","dark"],"width":500,"height":500},{"href":"https://a.espncdn.com/i/teamlogos/nfl/500/scoreboard/pit.png","alt":"","rel":["full","scoreboard"],"width":500,"height":500},{"href":"https://a.espncdn.com/i/teamlogos/nfl/500-dark/scoreboard/pit.png","alt":"","rel":["full","scoreboard","dark"],"width":500,"height":500}],"links":[{"language":"en-US","rel":["clubhouse","desktop","team"],"href":"https://www.espn.com/nfl/team/_/name/pit/pittsburgh-steelers","text":"Clubhouse","shortText":"Clubhouse","isExternal":false,"isPremium":false,"isHidden":false},{"language":"en-US","rel":["roster","desktop","team"],"href":"https://www.espn.com/nfl/team/roster/_/name/pit/pittsburgh-steelers","text":"Roster","shortText":"Roster","isExternal":false,"isPremium":false,"isHidden":false},{"language":"en-US","rel":["stats","desktop","team"],"href":"https://www.espn.com/nfl/team/stats/_/name/pit/pittsburgh-steelers","text":"Statistics","shortText":"Statistics","isExternal":false,"isPremium":false,"isHidden":false},{"language":"en-US","rel":["schedule","desktop","team"],"href":"https://www.espn.com/nfl/team/schedule/_/name/pit","text":"Schedule","shortText":"Schedule","isExternal":false,"isPremium":false,"isHidden":false},{"language":"en-US","rel":["tickets","desktop","team"],"href":"https://www.vividseats.com/pittsburgh-steelers-tickets--sports-nfl-football/performer/686?wsUser=717","text":"Tickets","shortText":"Tickets","isExternal":true,"isPremium":false,"isHidden":false},{"language":"en-US","rel":["depthchart","desktop","team"],"href":"https://www.espn.com/nfl/team/depth/_/name/pit","text":"Depth Chart","shortText":"Depth Chart","isExternal":false,"isPremium":false,"isHidden":false}]}},{"team":{"id":"25","uid":"s:20~l:28~t:25","slug":"san-francisco-49ers","abbreviation":"SF","displayName":"San Francisco 49ers","shortDisplayName":"49ers","name":"49ers","nickname":"49ers","location":"San Francisco","color":"aa0000","alternateColor":"b3995d","isActive":true,"isAllStar":false,"logos":[{"href":"https://a.espncdn.com/i/teamlogos/nfl/500/sf.png","alt":"","rel":["full","default"],"width":500,"height":500},{"href":"https://a.espncdn.com/i/teamlogos/nfl/500-dark/sf.png","alt":"","rel":["full","dark"],"width":500,"height":500},{"href":"https://a.espncdn.com/i/teamlogos/nfl/500/scoreboard/sf.png","alt":"","rel":["full","scoreboard"],"width":500,"height":500},{"href":"https://a.espncdn.com/i/teamlogos/nfl/500-dark/scoreboard/sf.png","alt":"","rel":["full","scoreboard","dark"],"width":500,"height":500}],"links":[{"language":"en-US","rel":["clubhouse","desktop","team"],"href":"https://www.espn.com/nfl/team/_/name/sf/san-francisco-49ers","text":"Clubhouse","shortText":"Clubhouse","isExternal":false,"isPremium":false,"isHidden":false},{"language":"en-US","rel":["roster","desktop","team"],"href":"https://www.espn.com/nfl/team/roster/_/name/sf/san-francisco-49ers","text":"Roster","shortText":"Roster","isExternal":false,"isPremium":false,"isHidden":false},{"language":"en-US","rel":["stats","desktop","team"],"href":"https://www.espn.com/nfl/team/stats/_/name/sf/san-francisco-49ers","text":"Statistics","shortText":"Statistics","isExternal":false,"isPremium":false,"isHidden":false},{"language":"en-US","rel":["schedule","desktop","team"],"href":"https://www.espn.com/nfl/team/schedule/_/name/sf","text":"Schedule","shortText":"Schedule","isExternal":false,"isPremium":false,"isHidden":false},{"language":"en-US","rel":["tickets","desktop","team"],"href":"https://www.vividseats.com/san-francisco-49ers-tickets--sports-nfl-football/performer/758?wsUser=717","text":"Tickets","shortText":"Tickets","isExternal":true,"isPremium":false,"isHidden":false},{"language":"en-US","rel":["depthchart","desktop","team"],"href":"https://www.espn.com/nfl/team/depth/_/name/sf","text":"Depth Chart","shortText":"Depth Chart","isExternal":false,"isPremium":false,"isHidden":false}]}},{"team":{"id":"26","uid":"s:20~l:28~t:26","slug":"seattle-seahawks","abbreviation":"SEA","displayName":"Seattle Seahawks","shortDisplayName":"Seahawks","name":"Seahawks","nickname":"Seahawks","location":"Seattle","color":"002a5c","alternateColor":"69be28","isActive":true,"isAllStar":false,"logos":[{"href":"https://a.espncdn.com/i/teamlogos/nfl/500/sea.png","alt":"","rel":["full","default"],"width":500,"height":500},{"href":"https://a.espncdn.com/i/teamlogos/nfl/500-dark/sea.png","alt":"","rel":["full","dark"],"width":500,"height":500},{"href":"https://a.espncdn.com/i/teamlogos/nfl/500/scoreboard/sea.png","alt":"","rel":["full","scoreboard"],"width":500,"height":500},{"href":"https://a.espncdn.com/i/teamlogos/nfl/500-dark/scoreboard/sea.png","alt":"","rel":["full","scoreboard","dark"],"width":500,"height":500}],"links":[{"language":"en-US","rel":["clubhouse","desktop","team"],"href":"https://www.espn.com/nfl/team/_/name/sea/seattle-seahawks","text":"Clubhouse","shortText":"Clubhouse","isExternal":false,"isPremium":false,"isHidden":false},{"language":"en-US","rel":["roster","desktop","team"],"href":"https://www.espn.com/nfl/team/roster/_/name/sea/seattle-seahawks","text":"Roster","shortText":"Roster","isExternal":false,"isPremium":false,"isHidden":false},{"language":"en-US","rel":["stats","desktop","team"],"href":"https://www.espn.com/nfl/team/stats/_/name/sea/seattle-seahawks","text":"Statistics","shortText":"Statistics","isExternal":false,"isPremium":false,"isHidden":false},{"language":"en-US","rel":["schedule","desktop","team"],"href":"https://www.espn.com/nfl/team/schedule/_/name/sea","text":"Schedule","shortText":"Schedule","isExternal":false,"isPremium":false,"isHidden":false},{"language":"en-US","rel":["tickets","desktop","team"],"href":"https://www.vividseats.com/seattle-seahawks-tickets--sports-nfl-football/performer/772?wsUser=717","text":"Tickets","shortText":"Tickets","isExternal":true,"isPremium":false,"isHidden":false},{"language":"en-US","rel":["depthchart","desktop","team"],"href":"https://www.espn.com/nfl/team/depth/_/name/sea","text":"Depth Chart","shortText":"Depth Chart","isExternal":false,"isPremium":false,"isHidden":false}]}},{"team":{"id":"27","uid":"s:20~l:28~t:27","slug":"tampa-bay-buccaneers","abbreviation":"TB","displayName":"Tampa Bay Buccaneers","shortDisplayName":"Buccaneers","name":"Buccaneers","nickname":"Buccaneers","location":"Tampa Bay","color":"bd1c36","alternateColor":"3e3a35","isActive":true,"isAllStar":false,"logos":[{"href":"https://a.espncdn.com/i/teamlogos/nfl/500/tb.png","alt":"","rel":["full","default"],"width":500,"height":500},{"href":"https://a.espncdn.com/i/teamlogos/nfl/500-dark/tb.png","alt":"","rel":["full","dark"],"width":500,"height":500},{"href":"https://a.espncdn.com/i/teamlogos/nfl/500/scoreboard/tb.png","alt":"","rel":["full","scoreboard"],"width":500,"height":500},{"href":"https://a.espncdn.com/i/teamlogos/nfl/500-dark/scoreboard/tb.png","alt":"","rel":["full","scoreboard","dark"],"width":500,"height":500}],"links":[{"language":"en-US","rel":["clubhouse","desktop","team"],"href":"https://www.espn.com/nfl/team/_/name/tb/tampa-bay-buccaneers","text":"Clubhouse","shortText":"Clubhouse","isExternal":false,"isPremium":false,"isHidden":false},{"language":"en-US","rel":["roster","desktop","team"],"href":"https://www.espn.com/nfl/team/roster/_/name/tb/tampa-bay-buccaneers","text":"Roster","shortText":"Roster","isExternal":false,"isPremium":false,"isHidden":false},{"language":"en-US","rel":["stats","desktop","team"],"href":"https://www.espn.com/nfl/team/stats/_/name/tb/tampa-bay-buccaneers","text":"Statistics","shortText":"Statistics","isExternal":false,"isPremium":false,"isHidden":false},{"language":"en-US","rel":["schedule","desktop","team"],"href":"https://www.espn.com/nfl/team/schedule/_/name/tb","text":"Schedule","shortText":"Schedule","isExternal":false,"isPremium":false,"isHidden":false},{"language":"en-US","rel":["tickets","desktop","team"],"href":"https://www.vividseats.com/tampa-bay-buccaneers-tickets--sports-nfl-football/performer/839?wsUser=717","text":"Tickets","shortText":"Tickets","isExternal":true,"isPremium":false,"isHidden":false},{"language":"en-US","rel":["depthchart","desktop","team"],"href":"https://www.espn.com/nfl/team/depth/_/name/tb","text":"Depth Chart","shortText":"Depth Chart","isExternal":false,"isPremium":false,"isHidden":false}]}},{"team":{"id":"10","uid":"s:20~l:28~t:10","slug":"tennessee-titans","abbreviation":"TEN","displayName":"Tennessee Titans","shortDisplayName":"Titans","name":"Titans","nickname":"Titans","location":"Tennessee","color":"4b92db","alternateColor":"002a5c","isActive":true,"isAllStar":false,"logos":[{"href":"https://a.espncdn.com/i/teamlogos/nfl/500/ten.png","alt":"","rel":["full","default"],"width":500,"height":500},{"href":"https://a.espncdn.com/i/teamlogos/nfl/500-dark/ten.png","alt":"","rel":["full","dark"],"width":500,"height":500},{"href":"https://a.espncdn.com/i/teamlogos/nfl/500/scoreboard/ten.png","alt":"","rel":["full","scoreboard"],"width":500,"height":500},{"href":"https://a.espncdn.com/i/teamlogos/nfl/500-dark/scoreboard/ten.png","alt":"","rel":["full","scoreboard","dark"],"width":500,"height":500}],"links":[{"language":"en-US","rel":["clubhouse","desktop","team"],"href":"https://www.espn.com/nfl/team/_/name/ten/tennessee-titans","text":"Clubhouse","shortText":"Clubhouse","isExternal":false,"isPremium":false,"isHidden":false},{"language":"en-US","rel":["roster","desktop","team"],"href":"https://www.espn.com/nfl/team/roster/_/name/ten/tennessee-titans","text":"Roster","shortText":"Roster","isExternal":false,"isPremium":false,"isHidden":false},{"language":"en-US","rel":["stats","desktop","team"],"href":"https://www.espn.com/nfl/team/stats/_/name/ten/tennessee-titans","text":"Statistics","shortText":"Statistics","isExternal":false,"isPremium":false,"isHidden":false},{"language":"en-US","rel":["schedule","desktop","team"],"href":"https://www.espn.com/nfl/team/schedule/_/name/ten","text":"Schedule","shortText":"Schedule","isExternal":false,"isPremium":false,"isHidden":false},{"language":"en-US","rel":["tickets","desktop","team"],"href":"https://www.vividseats.com/tennessee-titans-tickets--sports-nfl-football/performer/848?wsUser=717","text":"Tickets","shortText":"Tickets","isExternal":true,"isPremium":false,"isHidden":false},{"language":"en-US","rel":["depthchart","desktop","team"],"href":"https://www.espn.com/nfl/team/depth/_/name/ten","text":"Depth Chart","shortText":"Depth Chart","isExternal":false,"isPremium":false,"isHidden":false}]}},{"team":{"id":"28","uid":"s:20~l:28~t:28","slug":"washington-commanders","abbreviation":"WSH","displayName":"Washington Commanders","shortDisplayName":"Commanders","name":"Commanders","nickname":"Commanders","location":"Washington","color":"5a1414","alternateColor":"ffb612","isActive":true,"isAllStar":false,"logos":[{"href":"https://a.espncdn.com/i/teamlogos/nfl/500/wsh.png","alt":"","rel":["full","default"],"width":500,"height":500},{"href":"https://a.espncdn.com/i/teamlogos/nfl/500-dark/wsh.png","alt":"","rel":["full","dark"],"width":500,"height":500},{"href":"https://a.espncdn.com/i/teamlogos/nfl/500/scoreboard/wsh.png","alt":"","rel":["full","scoreboard"],"width":500,"height":500},{"href":"https://a.espncdn.com/i/teamlogos/nfl/500-dark/scoreboard/wsh.png","alt":"","rel":["full","scoreboard","dark"],"width":500,"height":500}],"links":[{"language":"en-US","rel":["clubhouse","desktop","team"],"href":"https://www.espn.com/nfl/team/_/name/wsh/washington-commanders","text":"Clubhouse","shortText":"Clubhouse","isExternal":false,"isPremium":false,"isHidden":false},{"language":"en-US","rel":["roster","desktop","team"],"href":"https://www.espn.com/nfl/team/roster/_/name/wsh/washington-commanders","text":"Roster","shortText":"Roster","isExternal":false,"isPremium":false,"isHidden":false},{"language":"en-US","rel":["stats","desktop","team"],"href":"https://www.espn.com/nfl/team/stats/_/name/wsh/washington-commanders","text":"Statistics","shortText":"Statistics","isExternal":false,"isPremium":false,"isHidden":false},{"language":"en-US","rel":["schedule","desktop","team"],"href":"https://www.espn.com/nfl/team/schedule/_/name/wsh","text":"Schedule","shortText":"Schedule","isExternal":false,"isPremium":false,"isHidden":false},{"language":"en-US","rel":["tickets","desktop","team"],"href":"https://www.vividseats.com/washington-commanders-tickets--sports-nfl-football/performer/925?wsUser=717","text":"Tickets","shortText":"Tickets","isExternal":true,"isPremium":false,"isHidden":false},{"language":"en-US","rel":["depthchart","desktop","team"],"href":"https://www.espn.com/nfl/team/depth/_/name/wsh","text":"Depth Chart","shortText":"Depth Chart","isExternal":false,"isPremium":false,"isHidden":false}]}}],"year":2024,"season":{"year":2024,"displayName":"2024"}}]}]}